<?xml version="1.0" encoding="UTF-8" ?>
<!DOCTYPE mapper
        PUBLIC "-//mybatis.org//DTD Mapper 3.0//EN"
        "http://mybatis.org/dtd/mybatis-3-mapper.dtd">

<!--namespace need to specify exact location of interface -->
<mapper namespace="com.termproj.bookstore.mapper.CartMapper">


    <!-- id:specify a unique id,  type: the result in database maps to a java class -->
    <resultMap id="CartEntityMap" type="com.termproj.bookstore.entity.Cart">
        <!-- specify only different strings in java class and database tables
        however, primary key must be declared.-->
        <id column="cid" property="cid"/>
        <result column="created_user" property="createdUser"/>
        <result column="created_time" property="createdTime"/>
        <result column="modified_user" property="modifiedUser"/>
        <result column="modified_time" property="modifiedTime"/>
    </resultMap>

    <!--id means the method name of mapper interface,write SQL command inside this tag, easy for maintain -->
    <insert id="insert" useGeneratedKeys="true" keyProperty="cid">
        INSERT INTO
                cart (uid, bid, price, num, created_user, created_time, modified_user, modified_time)
        VALUES
                (#{uid}, #{bid}, #{price},#{num}, #{createdUser}, #{createdTime}, #{modifiedUser}, #{modifiedTime})
    </insert>

    <!-- resultMap: when the class' variable names are different from table's entity names-->
    <select id="findByUsername" resultMap="CartEntityMap">
        SELECT * FROM users WHERE username = #{username}
    </select>

    <update id="updateNumByCid">
        UPDATE cart SET
            num = #{num},
            modified_user = #{modifiedUser},
            modified_time = #{modifiedTime}
        WHERE
            cid=#{cid}

    </update>
    <select id="findByUidAndBid" resultMap="CartEntityMap">
        SELECT * FROM cart WHERE uid = #{uid} AND bid=#{bid}
    </select>

    <select id="findVOByUid" resultType="com.termproj.bookstore.vo.CartVO">
        SELECT
            cid,
            uid,
            bid,
            cart.price,
            cart.num,
            books.title,
            books.image,
            books.price AS CurrentPrice
        FROM
            cart LEFT JOIN books ON cart.bid=books.id
        WHERE
            uid=#{uid}
        ORDER BY
            cart.created_time DESC
    </select>

</mapper>