<?xml version="1.0" encoding="UTF-8" ?>
<!DOCTYPE mapper
        PUBLIC "-//mybatis.org//DTD Mapper 3.0//EN"
        "http://mybatis.org/dtd/mybatis-3-mapper.dtd">

<!--namespace need to specify exact location of interface -->
<mapper namespace="com.termproj.bookstore.mapper.ProductMapper">


    <!-- id:specify a unique id,  type: the result in database maps to a java class -->
    <resultMap id="ProductEntityMap" type="com.termproj.bookstore.entity.Product">
        <!-- specify only different strings in java class and database tables
        however, primary key must be declared.-->
        <id column="id" property="id"/>
        <result column="category" property="category"/>
        <result column="title" property="title"/>
        <result column="ISBN" property="ISBN"/>
        <result column="price" property="price"/>
        <result column="author" property="author"/>
        <result column="num" property="num"/>
        <result column="status" property="status"/>
        <result column="created_user" property="createdUser"/>
        <result column="created_time" property="createdTime"/>
        <result column="modified_user" property="modifiedUser"/>
        <result column="modified_time" property="modifiedTime"/>
    </resultMap>

    <!-- resultMap: when the class' variable names are different from table's entity names-->
    <select id="findList" resultMap="ProductEntityMap">
        SELECT * FROM books WHERE status = 1
    </select>

    <select id="findById" resultMap="ProductEntityMap">
        SELECT * FROM books WHERE id=#{id}
    </select>

</mapper>