<?xml version="1.0" encoding="UTF-8" ?>
<!DOCTYPE mapper
        PUBLIC "-//mybatis.org//DTD Mapper 3.0//EN"
        "http://mybatis.org/dtd/mybatis-3-mapper.dtd">

<!--namespace need to specify exact location of interface -->
<mapper namespace="com.termproj.bookstore.mapper.UserMapper">


    <!-- id:specify a unique id,  type: the result in database maps to a java class -->
    <resultMap id="UserEntityMap" type="com.termproj.bookstore.entity.User">
        <!-- specify only different strings in java class and database tables
        however, primary key must be declared.-->
        <id column="uid" property="uid"/>
        <result column="created_user" property="createdUser"/>
        <result column="created_time" property="createdTime"/>
        <result column="modified_user" property="modifiedUser"/>
        <result column="modified_time" property="modifiedTime"/>
    </resultMap>

    <!--id means the method name of mapper interface,write SQL command inside this tag, easy for maintain -->
    <insert id="insert" useGeneratedKeys="true" keyProperty="uid">
        INSERT INTO
                users (username, password, salt, phone, email, created_user, created_time, modified_user, modified_time, active, states, city, zip, street1, street2, card, expire, cvv ,nameOnCard, cardType, subscription,verification_code)
        VALUES
                (#{username}, #{password}, #{salt}, #{phone}, #{email}, #{createdUser}, #{createdTime}, #{modifiedUser}, #{modifiedTime}, #{active},#{states},#{city},#{zip},#{street1},#{street2},#{card},#{expire},#{cvv},#{nameOnCard},#{cardType},#{subscription},#{verification_code})
    </insert>

    <!-- resultMap: when the class' variable names are different from table's entity names-->
    <select id="findByUsername" resultMap="UserEntityMap">
        SELECT * FROM users WHERE username = #{username}
    </select>

    <update id="updatePasswordByUid">
        UPDATE users SET
            password = #{password},
            modified_user = #{modifiedUser},
            modified_time = #{modifiedTime}
        where uid=#{uid}

    </update>
    <select id="findByUid" resultMap="UserEntityMap">
        SELECT * FROM users WHERE uid = #{uid}
    </select>

    <update id="updateInfoByUid">
        UPDATE users
        SET
        <if test=" username!=null">username = #{username},</if>
        <if test=" phone!=null">phone = #{phone},</if>
        <if test=" subscription!=null">subscription = #{subscription},</if>
        <if test=" states!=null">states = #{states},</if>
        <if test=" city!=null">city = #{city},</if>
        <if test=" zip!=null">zip = #{zip},</if>
        <if test=" street1!=null">street1 = #{street1},</if>
        <if test=" street2!=null">street2 = #{street2},</if>
        <if test=" card!=null">card = #{card},</if>
        <if test=" expire!=null">expire = #{expire},</if>
        <if test=" cvv!=null">cvv = #{cvv},</if>
        <if test=" nameOnCard!=null">nameOnCard = #{nameOnCard},</if>
        <if test=" cardType!=null">cardType = #{cardType},</if>
        <if test=" active!=null">active = #{active},</if>

            modified_user = #{modifiedUser},
            modified_time = #{modifiedTime}
        WHERE uid=#{uid}
    </update>
</mapper>